Acacia_species48,277.167
Mimosa_species105,865.05
Acacia_species127,419.245
Abarema_species24,242.574
Acacia_species236,154.381
Chloroleucon_species3,542.008
Albizia_species21,206.737
Acacia_species304,280.683
Abarema_species30,763.778
Inga_species107,625.515
Zygia_coccinea,584.737
Acacia_species153,212.781
Acacia_species142,120.965
Acacia_species270,619
Acacia_species403,273.094
Inga_species141,613.796
Acacia_species417,1418.09
Acacia_species136,932.355
Parkia_species6,225.549
Acacia_species356,893.051
Acacia_species289,421.826
Acacia_species186,199.217
Calliandra_species53,85
Calliandra_species13,440.425
Senegalia_species9,166.789
Acacia_species571,374.025
Lysiloma_species5,824.693
Albizia_species62,374.192
Acacia_species272,219.919
Acacia_species321,232.904
Tetrapterocarpon_species2,291.917
Acaciella_species1,1191
Acacia_species439,175.926
Inga_species129,388
Acacia_species436,97.8867
Acacia_species386,337.834
Acacia_species525,282.833
Acacia_species340,416.145
Leucaena_species10,619.029
Mimosa_species76,602.273
Inga_species59,225.921
Acacia_species471,501.325
Mimosa_species71,741.527
Mimosa_species111,1269.75
Inga_species85,518
Acacia_species457,770.986
Acacia_species248,683.785
Lysiloma_species7,851.314
Senegalia_species23,400.883
Acacia_species456,578.643
Albizia_species66,256.666
Neptunia_species1,227.543
Acacia_species587,553.733
Acacia_species299,978.278
Acacia_species258,963.04
Albizia_species3,359.147
Prosopidastrum_species1,502.476
Prosopis_species21,141.297
Xylia_species1,169.647
Zygia_paucijugata,133
Acacia_species601,190.366
Acacia_species441,183.714
Inga_species69,306.75
Acacia_species460,156.975
Mimosa_species187,1702.76
Acacia_species344,1738.73
Inga_species117,544.655
Acacia_species20,519.512
Acacia_species491,626.942
Acacia_species463,227.778
Acacia_species482,508.567
Piptadenia_species3,71.1667
Inga_species97,173.49
Acacia_species197,528.01
Acacia_species551,1177.67
Acacia_species352,733.69
Zygia_vasquezii,78.5
Paraserianthes_species1,245.752
Acacia_species503,868.9
Mimosa_species21,393.565
Senegalia_species12,480.946
Mimosa_species103,925.333
Anadenanthera_species1,477.554
Acacia_species115,241.407
Pseudoprosopis_species3,322.516
Pseudoprosopis_species2,939
Mimosa_species36,583.81
Inga_species57,286.862
Acacia_species325,203.386
Acacia_species510,344.281
Acacia_species10,331.01
Prosopis_species17,464
Acacia_species305,677.909
Mimosa_species32,890.494
Acacia_species66,170.96
Abarema_species19,690.962
Calliandra_species32,552.458
Acacia_species141,308.648
Albizia_species31,428.277
Acacia_species523,311
Inga_species119,743.562
Ebenopsis_species1,273.839
Acacia_species54,358.385
Acacia_species569,240.25
Calliandra_species44,567.742
Inga_species56,118
Abarema_species1,176.6
Neptunia_species4,175.127
Acacia_species462,225.39
Pithecellobium_species7,334.884
Stryphnodendron_species1,808.236
Mimosa_species143,528.833
Acacia_species484,109.5
Lemurodendron_species1,120.6
Abarema_species28,231
Mimosa_species159,266.042
Inga_species9,218.875
Prosopis_species18,267.035
Prosopis_species8,42.0592
Acacia_species380,30.9737
Acacia_species564,140.069
Acacia_species512,890.463
Sphinga_species1,1070.4
Acacia_species52,103.612
Acacia_species203,353.874
Zygia_longifolia,400.488
Inga_species95,929.378
Abarema_species16,238.256
Inga_species91,73.6667
Inga_species114,565.443
Acacia_species586,169.774
Piptadenia_species4,635.823
Inga_species27,1000.24
Entada_species6,341.947
Mimosa_species45,397.983
Zygia_unifoliolata,190.793
Acacia_species196,174.682
Senegalia_species16,415.893
Acacia_species596,412.462
Acacia_species6,351.139
Mimosa_species122,271.145
Desmanthus_species7,1762.49
Acacia_species281,1351.67
Parkia_species2,127.731
Prosopis_species9,3048.38
Acacia_species167,631.333
Mimosa_species177,522.584
Albizia_species35,320.248
Acacia_species107,447.656
Piptadeniopsis_species1,110.364
Albizia_species27,309.951
Calliandra_species16,446.222
Archidendron_species11,301.091
Piptadenia_species1,976.645
Acacia_species185,1018.38
Acacia_species476,1394.56
Inga_species19,65.7778
Acacia_species357,196.242
Mimosa_species165,542.758
Acacia_species496,180.373
Mimosa_species144,616.35
Parapiptadenia_species1,1355.41
Inga_species127,212.551
Parapiptadenia_species2,378.268
Acacia_species367,435.304
Inga_species14,378.333
Acacia_species73,92.8571
Acacia_species159,89.8958
Acacia_species351,138
Acacia_species3,999.081
Mimosa_species163,1336.1
Acacia_species94,621.966
Chidlowia_species1,449.177
Calliandra_species5,192.481
Acacia_species124,345.799
Viguieranthus_species1,233.417
Mimosa_species43,1927.63
Inga_species21,271.75
Calliandra_species56,332.755
Acacia_species389,278
Mimosa_species63,810.105
Acacia_species104,99.04
Prosopis_species16,366.872
Jacqueshuberia_species4,96.3333
Senegalia_species22,169.556
Acacia_species581,166.115
Acacia_species576,201.908
Calliandra_species40,535.866
Acacia_species234,164.504
Mimosa_species13,107.685
Vachellia_species7,806.584
Senegalia_species5,158.333
Prosopis_species2,994.47
Acacia_species444,840.516
Mimosa_species66,174.737
Acacia_species316,120.375
Acacia_species145,704.938
Acacia_species262,274.44
Inga_species22,684.5
Acacia_species530,105.854
Acacia_species392,763.364
Mimosa_species168,296.627
Mimosa_species68,791.837
Acacia_species354,340.118
Acacia_species306,2077.39
Mimosa_species172,1701.38
Abarema_species25,50.75
Inga_species52,1860.3
Acacia_species379,335.799
Acacia_species488,416.919
Pithecellobium_species13,178.88
Inga_species74,143.354
Acacia_species515,150.552
Vachellia_species5,234.947
Mimosa_species164,146.267
Acacia_eburnea,15.5
Mimosa_species186,821.909
Acacia_species88,263.806
Albizia_species58,202.5
Acacia_species339,900.305
Acacia_species117,169.826
Acacia_species573,26.6889
Acacia_species114,784.335
Acacia_species425,138.102
Acacia_species378,171.378
Acacia_species91,397.895
Acacia_species493,138.971
Acacia_species138,311.963
Lysiloma_species6,765.443
Leucaena_species6,1098.12
Acacia_species506,114.3
Mimosa_species79,878.87
Inga_species60,643.545
Inga_species145,122.185
Acacia_species572,205.434
Acacia_species118,161.12
Acacia_species543,131.124
Calliandra_species48,888.9
Acacia_species480,72.8421
Calliandra_species61,788.803
Acacia_species273,276.522
Acacia_species547,217.902
Acacia_species405,460
Mimosa_species136,1364.33
Albizia_species56,356.606
Acacia_species218,56.4618
Acacia_species170,82.4195
Acacia_species494,493.167
Hydrochorea_species1,185.041
Mimosa_species166,522.57
Mimosa_species171,1302.46
Faidherbia_species1,456.119
Calliandra_species65,802.618
Acacia_species315,122.069
Albizia_species6,737.31
Inga_species110,267.044
Mimosa_species5,1798.82
Acacia_species98,801.778
Calliandra_species19,815.566
Elephantorrhiza_species2,757.236
Pithecellobium_species19,139.562
Acacia_species147,95.5197
Gagnebina_species1,314.643
Calliandra_species6,644
Albizia_species16,254.619
Acacia_species359,320.9
Mimosa_species115,385.65
Acacia_species588,336.451
Acacia_species263,395.5
Inga_species132,314.841
Acacia_species592,105.75
Calliandra_species22,803.148
Mimosa_species44,553.69
Acacia_species391,173.557
Acacia_species85,422
Acacia_species164,385.389
Albizia_species63,232.588
Inga_species15,158.909
Acacia_species257,1037.96
Acacia_species557,255.832
Acacia_species385,70.0984
Inga_species125,289.244
Fillaeopsis_species3,301.773
Inga_species146,985
Mimosa_species169,52.9058
Acacia_species190,607.808
Prosopis_species12,226
Acacia_species600,177.292
Inga_species101,473.027
Samanea_species2,328.031
Acacia_species301,149.333
Inga_species37,553.5
Acacia_species560,262.4
Acacia_species475,1136.63
Piptadenia_species10,603.107
Mimosa_species114,540.65
Acacia_species45,54.8846
Acacia_species81,315.631
Albizia_species41,431.048
Inga_species64,408.968
Acacia_species214,599.211
Acacia_species15,267.143
Mimosa_species167,168.25
Acacia_species387,588.136
Afrocalliandra_redacta,0
Acacia_species465,211.541
Jacqueshuberia_species3,119.714
Abarema_species32,721.2
Zapoteca_media,1413.92
Mimosa_species93,1428.84
Acacia_species373,224.952
Jacqueshuberia_species2,750.833
Mimosa_species75,846.786
Albizia_species12,179.012
Jacqueshuberia_species1,138
Albizia_species11,219
Calliandra_species43,512.78
Senegalia_species11,688.782
Inga_species94,401.422
Viguieranthus_species3,374.433
Mimosa_species85,1387.55
Acacia_species95,283.724
Acacia_species21,223.754
Acacia_species450,75.2921
Acacia_species429,261.806
Abarema_species15,183.091
Mimosa_species53,553
Acacia_species157,376.051
Acacia_species478,249.472
Albizia_species61,974.628
Acacia_species108,299.672
Mimosa_species4,1688.39
Acacia_species345,139.359
Vachellia_species1,565.26
Mimosa_species180,1461.5
Archidendron_species2,789.364
Abarema_species26,493.7
Mimosa_species128,900
Albizia_species9,124.188
Inga_species84,299.824
Acacia_species227,1650.23
Mimosa_species123,587.886
Acacia_species130,1324.52
Senegalia_species7,2232
Acacia_species247,117.025
Acacia_species46,309.685
Acacia_species238,402.143
Plathymenia_species1,560.932
Acacia_species550,198.563
Acacia_species224,285.192
Mimosa_species7,1115.26
Abarema_species13,577.725
Archidendron_species6,259.549
Inga_species124,245.642
Acacia_species212,210.042
Albizia_species20,582.183
Acacia_species446,438.871
Leucaena_species5,317.836
Acacia_species241,116.231
Acacia_species609,362.234
Inga_species79,950.59
Acacia_species204,216.625
Acacia_species135,253.292
Entada_species2,335.351
Acacia_species55,340.373
Acacia_species458,1279.41
Acacia_species189,231.364
Lysiloma_species4,65.0543
Albizia_species28,227.889
Acacia_species492,141.5
Inga_species115,1565.44
Mimosa_species8,963.726
Cojoba_species3,1290.56
Senegalia_species8,733.643
Acacia_species290,366.822
Mimosa_species153,1348.83
Acacia_species179,282.553
Falcataria_species2,623.255
Acacia_species103,286.681
Mimosa_species157,944.97
Acacia_species323,520.882
Acacia_species326,210.972
Zygia_recordii,76.2674
Mimosa_species86,1006.37
Acacia_species449,420.773
Albizia_species48,763.969
Acacia_species5,348.953
Mimosa_species181,358.035
Acacia_species397,127.349
Acacia_species261,1011.33
Macrosamanea_species3,208.679
Calliandra_species27,988.104
Acacia_species541,654.837
Abarema_species17,405.111
Inga_species89,122.5
Inga_species131,321.922
Desmanthus_species10,289.273
Acacia_species223,1189.48
Calliandra_species45,947.16
Acacia_species335,231.292
Macrosamanea_species2,79.2174
Calliandra_species15,702.934
Zygia_claviflora,423.143
Acacia_species172,80.8284
Acacia_species13,422.876
Piptadenia_species5,570.364
Acacia_species559,284.485
Inga_species108,577.023
Mimosa_species129,64
Acacia_species539,351.672
Acacia_species593,272.111
Zygia_rhytidocarpa,446
Tetrapleura_species1,323.846
Abarema_species12,82.0729
Mimosa_species120,130.76
Abarema_species2,186.444
Acacia_species151,483.628
Mimosa_species117,127.053
Acacia_species485,564.303
Acacia_species470,140.933
Acacia_species430,144.872
Acacia_species602,179.57
Acacia_species1,1743.81
Acacia_species282,543.429
Pithecellobium_species16,225.196
Acacia_species16,164.318
Mimosa_species37,251.63
Acacia_species86,554.482
Acacia_species384,600.28
Calliandra_species18,354
Mimosa_species182,506.429
Mimosa_species101,706.378
Archidendron_species15,221.036
Acacia_species377,137.5
Inga_species62,293.023
Cathormion_species2,69.3433
Albizia_species37,289
Parkia_species1,337.4
Albizia_species39,68.5
Mimosa_species162,1089.67
Calliandra_species37,1132.13
Archidendron_molle,34.3333
Inga_species134,843.29
Acacia_species454,194.018
Dichrostachys_species2,197.967
Inga_species142,479.872
Inga_species63,786.636
Pithecellobium_species14,195.354
Acacia_species226,456.167
Acacia_species71,270.566
Inga_species13,631.023
Acacia_species504,883.75
Acacia_species327,380.124
Mimosa_species146,417.34
Pithecellobium_species10,67.125
Calliandra_species51,370.87
Mimosa_species133,883.657
Albizia_species47,352.308
Mimosa_species176,512.466
Calliandra_species21,703
Mimosa_species31,646.929
Enterolobium_species3,375.384
Pararchidendron_species1,274.335
Mimosa_species25,230.041
Acacia_species292,380.973
Acacia_species291,358.203
Calliandra_species36,1699.48
Acacia_species70,134.622
Mimosa_species49,787.788
Acacia_species599,142.664
Acacia_species374,290.402
Inga_species67,158.579
Acacia_species472,403.543
Acacia_species372,396.252
Lysiloma_species2,213.465
Calliandra_species49,388.5
Tetrapterocarpon_species1,188.589
Calliandra_species57,597.44
Acacia_species219,305.657
Acacia_species562,272
Leucaena_species8,645.244
Mimosa_species51,1043.06
Calliandra_species31,1972.38
Senegalia_species10,615.238
Acacia_species318,664.125
Inga_species106,268.6
Cojoba_species1,711.956
Mimosa_species70,634.659
Acacia_species605,42.4396
Acacia_species194,449.347
Inga_species121,183.909
Acacia_species322,416.816
Acacia_species252,267.76
Acacia_species524,251.141
Acacia_species500,294.9
Acacia_species466,246.128
Acacia_species479,306.609
Inga_species41,121.038
Acacia_species311,172.603
Dichrostachys_species1,523.462
Acacia_species178,348.282
Calliandra_species30,818.613
Acacia_species249,529.914
Acacia_species180,202.423
Acacia_species62,1560.75
Abarema_species22,494.141
Inga_species100,170.1
Acacia_species363,948.783
Acacia_species313,888.646
Acacia_species610,1582
Acacia_species245,1136.81
Acacia_species532,555.251
Mimosa_species156,361.043
Inga_species53,1359.69
Mimosa_species158,89.7273
Acacia_species207,66.1143
Mimosa_species90,1699.71
Calliandra_species42,881.435
Acacia_species202,321.387
Mimosa_species116,497.512
Inga_species30,289.469
Aubrevillea_species1,411.9
Acacia_species520,214.512
Inga_species78,644.842
Acacia_species591,2058.15
Acacia_species514,498.735
Calliandra_species59,344.319
Mimosa_species54,1318.29
Acacia_species284,315.958
Acacia_species40,800.173
Acacia_species370,57.0125
Albizia_species8,237.893
Acacia_species119,236.389
Mimosa_species82,494.356
Acacia_species23,138.733
Leucaena_species9,866.606
Mimosa_species95,549.913
Prosopis_species7,906.389
Acacia_species375,344.948
Mimosa_species50,77.8958
Acacia_species358,83.6282
Acacia_species414,237.735
Acacia_species163,59.0556
Archidendron_species1,103.879
Acacia_species481,177.944
Xylia_species2,180.214
Calpocalyx_species1,320.611
Acacia_species598,353.302
Acacia_species208,320.457
Entada_species3,303.923
Acacia_species413,173
Inga_species140,322.641
Acacia_species201,602.775
Acacia_species28,353.856
Calliandra_species33,662.032
Sphinga_species2,155.126
Acacia_species606,1058.19
Abarema_species23,2134.94
Acacia_species400,530.905
Acacia_species597,789.584
Mimosa_species59,574.143
Acacia_species509,317.393
Mimosa_species138,343.678
Albizia_species45,405
Acacia_species150,271.095
Adenanthera_species3,252.54
Acacia_species297,568.69
Acacia_species546,165
Mimosa_species77,669.347
Acacia_species267,284.167
Acacia_species346,582.302
Mimosa_species74,832.05
Acacia_species87,932.154
Mimosa_species94,1292.75
Inga_species66,705.074
Acacia_species49,124.813
Albizia_species51,358.269
Acacia_species264,43.2308
Acacia_species490,149.854
Mimosa_species178,804.091
Acacia_species175,252.922
Acacia_species285,202.517
Mimosa_species108,1594.39
Acacia_species338,984.548
Acacia_species568,295.929
Mimosa_species125,630.167
Archidendron_species5,139
Acacia_species229,351.724
Acacia_species146,345.17
Abarema_species34,400.111
Acacia_species461,293.056
Inga_species120,1613.17
Newtonia_species1,1252.2
Mimosa_species145,417.988
Acacia_species489,181.361
Abarema_species4,50
Acacia_species139,370
Mimosa_species149,924.418
Acacia_species474,627.783
Acacia_species228,380.6
Acacia_species171,848.091
Abarema_species9,244.539
Inga_species144,629.132
Desmanthus_species5,450.484
Acacia_species4,194.887
Entada_species8,220.421
Acacia_species42,215.317
Inga_species122,641.303
Acacia_species22,1063.63
Inga_species2,467.806
Acacia_species125,404.683
Acacia_species155,671.325
Acacia_species467,842.171
Calliandra_species12,794.299
Mimosa_species183,541.44
Mimosa_species127,288.152
Inga_species80,896.579
Calliandra_species46,397.824
Calliandra_species34,198.618
Senegalia_species6,753.444
Mimosa_species22,273.333
Mimosa_species132,774.157
Acacia_species176,159.043
Chloroleucon_species1,489.773
Acacia_species265,210.926
Albizia_species19,309.144
Inga_species81,275.909
Senegalia_species4,461.456
Acacia_species188,934.208
Albizia_species60,160.895
Acacia_species60,255.043
Acacia_species31,212.235
Acacia_species121,216.048
Acacia_species337,295.197
Acacia_species206,319.571
Hesperalbizia_species1,727.494
Archidendropsis_species2,202.5
Acacia_species477,367.491
Mimosa_species141,1778.65
Acacia_species423,1030.67
Albizia_species34,236.676
Mimosa_species38,921.381
Acacia_species361,256.323
Prosopis_species24,1301.65
Zygia_englesingii,250.41
Prosopis_species14,388.029
Acacia_species553,232.684
Mimosa_species40,266.875
Albizia_species18,135.19
Mimosa_species67,717.105
Mimosa_species14,1187.11
Acacia_species432,99.3095
Acacia_species152,73.6283
Albizia_species13,154.4
Tetrapleura_species2,376.218
Acacia_species34,243.4
Pithecellobium_species17,316.222
Entada_species9,319.167
Newtonia_species3,309.108
Acacia_species36,854.397
Mimosa_species73,825.444
Acacia_species110,420.92
Prosopis_species6,808.571
Stryphnodendron_species4,662.376
Prosopis_species22,289.375
Calliandra_species63,378.992
Acacia_species468,229.5
Calliandra_species23,854.276
Vachellia_species8,395.238
Prosopis_species20,271.238
Mimosa_species148,371.855
Calliandra_species1,666.571
Pithecellobium_species1,646.263
Senegalia_species14,267.833
Abarema_species3,224.46
Acacia_species343,550.118
Acacia_species256,310.087
Senegalia_species18,459.18
Acacia_species502,135.217
Mimosa_species104,313.295
Calliandra_species35,383.44
Abarema_species14,411.833
Mimosa_species99,59.75
Inga_species36,1003.83
Calliandra_species11,480.538
Acacia_species501,1837.43
Enterolobium_species4,745.542
Inga_species47,118.222
Acacia_species453,522.97
Acacia_species63,224.722
Inga_species71,908.713
Adenanthera_species2,60
Albizia_species55,254.771
Acacia_species558,218.22
Inga_species82,210.9
Entada_species1,671.524
Acacia_species320,242.301
Pithecellobium_species8,151.655
Acacia_species14,771.772
Calliandra_species50,1137.11
Acacia_species75,144.665
Mimosa_species80,33.5
Acacia_species473,247.308
Acacia_species545,76.3902
Inga_species111,506.762
Leucaena_species7,905.385
Acacia_species69,488.399
Senegalia_species20,117.214
Acacia_species7,355.9
Inga_species33,329.708
Acacia_species76,260.549
Inga_species4,1695.16
Acacia_species534,124.533
Prosopis_species4,195.8
Acacia_species608,99.4706
Acacia_species424,497.073
Mimosa_species152,2010.77
Acaciella_species4,1039.9
Acacia_species603,268.407
Inga_species135,875.795
Mimosa_species58,145.282
Calliandra_species58,436.034
Acacia_species96,82.6
Senegalia_species24,1758.15
Mimosa_species29,561.667
Mimosa_species87,672.409
Acacia_species217,1013
Inga_species32,475.892
Albizia_species43,191.5
Acacia_species244,524.622
Viguieranthus_species4,384.6
Mimosa_species23,1019.95
Acacia_species538,334.518
Acacia_species275,351.794
Acacia_species495,288.929
Acacia_species44,612.74
Calliandra_species9,714.395
Acacia_species459,18.3927
Calliandra_species2,928.506
Acacia_species166,133.405
Cojoba_species10,567.429
Calliandra_species38,1902.29
Piptadenia_species8,391.383
Albizia_species30,87.8696
Inga_species42,114.333
Albizia_species49,256.927
Acacia_species411,66.8333
Mimosa_species62,1869.16
Acacia_species199,859.1
Acacia_species129,108.696
Zygia_racemosa,144.658
Mimosa_species184,587.821
Acacia_species27,344.432
Calliandropsis_species1,1709.42
Albizia_species38,174.484
Acacia_species233,529.554
Mimosa_species147,1890.92
Acacia_species183,121.321
Acacia_species280,152.697
Acacia_species330,152.1
Acacia_species353,234.07
Albizia_species44,390.554
Pithecellobium_species4,332.419
Calliandra_species8,258
Acacia_species160,354.329
Acacia_species382,604.831
Entada_species7,232.315
Calliandra_species60,440.886
Xylia_species3,457.836
Inga_species73,1755.82
Acacia_species540,204.184
Senegalia_species21,506.565
Acacia_species111,336.071
Acacia_species61,148.93
Inga_species123,490.849
Acacia_species416,212.297
Pithecellobium_species2,3.07143
Mimosa_species42,913.81
Xerocladia_species1,1063.15
Inga_species128,788.758
Acacia_species120,1148.63
Acacia_species184,340.677
Inga_species61,180.9
Acacia_species310,185.326
Acacia_species434,306.382
Acacia_species131,321.339
Albizia_species1,395.913
Albizia_species7,1181.14
Archidendron_species3,491.766
Cojoba_species7,233.647
Inga_species3,473.605
Mimosa_species69,1598.94
Acacia_species556,1457.25
Acacia_species589,514.554
Abarema_species29,171.476
Calliandra_species54,1487.04
Acacia_species293,348.729
Cojoba_species9,739.895
Mimosa_species91,353.118
Acacia_species355,492.335
Zygia_cataractae,189.4
Pithecellobium_species11,263.259
Acacia_species78,580.555
Piptadenia_species6,417.41
Desmanthus_species4,191.432
Acacia_species235,259.906
Acacia_species410,169.687
Archidendron_species16,219.286
Acacia_species548,90.25
Inga_species105,375.421
Mimosa_species160,384.133
Mimosa_species11,752.514
Adenopodia_species2,380.132
Acacia_species192,266.265
Mimosa_species18,204.167
Mimosa_species106,1776.94
Acacia_species319,300.41
Leucaena_species1,622.382
Zapoteca_ravenii,890.889
Adenopodia_species1,131.688
Acacia_species427,1103.55
Acacia_species442,235.973
Mimosa_species97,189.3
Acacia_species162,276.789
Archidendron_species8,1132.54
Acacia_species274,534
Acacia_species371,284.487
Enterolobium_species7,462.793
Macrosamanea_species1,116.323
Acacia_species67,1691.5
Mimosa_species19,902.198
Acacia_species575,244.233
Acacia_species106,279.526
Cylicodiscus_species1,347.944
Acacia_species168,183.741
Acacia_species187,205.167
Albizia_species32,1126.86
Acacia_species533,187.387
Inga_species113,371.16
Acacia_species317,319.82
Acacia_species287,330.655
Acacia_species277,125.684
Albizia_species25,231.366
Mimosa_species154,338.333
Inga_species45,921.737
Acacia_species565,209.588
Mimosa_species100,598.8
Acacia_species112,467.76
Enterolobium_species6,252.398
Acacia_species101,630.577
Mimosa_species113,87.8
Acacia_species18,465.778
Pseudopiptadenia_species1,202.178
Acacia_species102,313.136
Inga_species10,105.333
Acacia_species309,294.676
Acacia_species399,158.913
Acacia_species158,248.693
Mimosa_species174,1103.63
Acacia_species555,255.772
Acacia_species574,232.893
Acacia_species17,670.333
Acacia_species278,322.469
Cojoba_species8,457.738
Acacia_gummifera,7
Acacia_species584,302.9
Acacia_species388,139.75
Acacia_species398,597.284
Acacia_species518,822.946
Albizia_species29,1303.36
Abarema_species27,239.382
Microlobius_species1,243.876
Albizia_species5,275.955
Archidendron_species7,308.059
Albizia_species59,148.879
Mimosa_species121,752.696
Senegalia_species1,221.917
Pentaclethra_species2,360.481
Senegalia_species19,502.862
Acacia_species30,1393.25
Acacia_species173,342.83
Mimosa_species15,83.4129
Inga_species5,226.25
Stryphnodendron_species3,364.185
Acacia_species329,155.861
Zapoteca_tetragona,741.284
Acacia_species47,391.289
Inga_species77,419.116
Mimosa_species10,351.965
Ebenopsis_species2,228.275
Piptadenia_species7,241.924
Acacia_species58,820.899
Acacia_species92,196.154
Serianthes_species1,125.857
Acacia_species464,404.874
Acacia_species143,1365.92
Mimosa_species28,249.648
Albizia_species4,851.884
Acacia_species259,250.243
Senegalia_species3,572.6
Abarema_species11,90.2609
Stryphnodendron_species5,148.176
Acacia_species211,296.701
Acacia_species376,218.946
Gagnebina_species2,130
Inga_species1,667.635
Zygia_peckii,115.244
Mimosa_species48,129.375
Albizia_species52,428.197
Acacia_species296,175.088
Vachellia_species2,493.705
Senegalia_species17,655.82
Albizia_species64,654.03
Inga_species136,442.88
Abarema_species6,81.6667
Albizia_species54,195.609
Lysiloma_species1,1203.94
Mimosa_species96,982.222
Pithecellobium_species3,85.3333
Calliandra_species28,386.585
Mimosa_species140,1050.25
Mimosa_species60,891.417
Acacia_species33,431.95
Acacia_species409,195.164
Acacia_species251,158.6
Acacia_species116,222.699
Neptunia_species2,166.031
Acacia_species590,700.441
Pseudoprosopis_species1,219.407
Acacia_species396,903.058
Mimosa_species55,1017.7
Prosopis_species1,107.37
Mimosa_species131,248.573
Mimosa_species88,86.2273
Acacia_species72,243.806
Cedrelinga_species1,387.815
Acacia_species307,456.535
Albizia_species10,129.651
Mimosa_species102,534.71
Calliandra_species3,910.425
Calliandra_species10,175.714
Mimosa_species24,1545.21
Acacia_species242,784.484
Enterolobium_species2,515.388
Acacia_species412,213.36
Inga_species138,123.733
Inga_species11,307.087
Acacia_species25,344.401
Acacia_species554,403.991
Serianthes_species2,0.5
Albizia_species50,75.25
Newtonia_species4,240.241
Mimosa_species185,903.909
Acacia_species59,1498.2
Calliandra_species7,883.7
Acacia_species505,127.065
Acacia_species366,538.913
Mimosa_species39,703.659
Inga_species20,154.5
Pithecellobium_species15,195.513
Zygia_lathetica,244.419
Inga_species72,212
Adenanthera_species1,344.167
Calliandra_species29,1014.72
Acacia_species324,237.647
Mimosa_species1,376.514
Prosopis_species26,857.791
Havardia_species3,640.573
Archidendron_species12,181.429
Inga_species139,954.8
Inga_species133,562
Acacia_species511,75.561
Acacia_species426,666.558
Acacia_species516,1039.46
Acacia_species128,217.256
Chloroleucon_species2,225.564
Acacia_species253,1605.14
Acacia_species526,325.709
Acacia_species566,268.73
Inga_species75,747.7
Mimosa_species2,408.6
Zygia_cognata,108.5
Acacia_species216,282.627
Acacia_species342,217.855
Acacia_species295,828.594
Desmanthus_species6,138.947
Acacia_species279,427.171
Mimosa_species119,25
Zapoteca_portoricensis,980.996
Acacia_species497,306.894
Acacia_species250,197.433
Acacia_species402,160.568
Acacia_species64,204.946
Acacia_species220,262.569
Mimosa_species175,981.417
Hydrochorea_species2,452.02
Archidendron_species9,278.802
Inga_species44,414.077
Acacia_species26,167.026
Acacia_species38,385
Elephantorrhiza_species3,1369.44
Mimosa_species65,167.193
Inga_species51,714.63
Acacia_species433,631.816
Inga_species58,222.846
Neptunia_species3,131.103
Neptunia_species6,189.549
Acacia_species161,180.357
Acaciella_species2,205.833
Inga_species34,357.825
Acacia_species181,372.493
Acacia_species65,392.255
Mimosa_species72,275.721
Senegalia_species2,172.52
Mimosa_species33,500.044
Acacia_species513,299.818
Acacia_species390,164.547
Inga_species116,551.342
Calliandra_species14,720.059
Inga_species93,267.212
Calliandra_species41,1121.24
Acacia_species579,334.374
Pithecellobium_species5,484.603
Acacia_species239,56.5
Acacia_species133,364.084
Calliandra_species52,188.719
Acacia_species19,1090.57
Acacia_species455,117.367
Albizia_species42,665.231
Acacia_species191,1212.52
Acacia_species302,264.571
Desmanthus_species11,282.645
Inga_species12,805.304
Acacia_species585,298.372
Acacia_species401,214.233
Inga_species38,303.192
Acacia_species298,792.071
Acacia_species144,511.711
Acacia_species333,327.7
Albizia_species33,717.71
Acacia_species156,343.639
Mimosa_species155,569.705
Albizia_species40,79.0513
Acacia_species50,369.534
Acacia_species406,295.516
Acacia_species11,245.189
Inga_species23,578.957
Leucaena_species3,1264.89
Abarema_species20,394.64
Mimosa_species124,704.94
Acacia_species123,182.101
Mimosa_species81,1119
Acacia_species39,194.907
Calliandra_species64,327.143
Acacia_species336,252.826
Acacia_species231,346.129
Acacia_species35,209.245
Acacia_species443,367.534
Acacia_species53,263.531
Albizia_species65,491.969
Acacia_species498,222.063
Acacia_species578,461.25
Entada_species5,287.198
Inga_species99,534.378
Inga_species102,428.042
Albizia_species57,1567.36
Acacia_species271,146.458
Wallaceodendron_species1,433.421
Inga_species112,1032.38
Pithecellobium_pistaciifolium,0.5
Acacia_species266,1049.16
Acacia_species395,382.12
Havardia_species4,613.058
Cojoba_species6,1546.39
Acacia_species260,369.104
Prosopis_species23,721.603
Cojoba_species2,530.674
Acacia_species517,227.034
Mimosa_species46,664.296
Mimosa_species161,822.591
Mimosa_species20,447.318
Senegalia_species15,467.25
Acacia_species230,216.822
Albizia_species24,497.373
Piptadenia_species2,345.917
Balizia_species1,375.333
Acacia_species570,213.562
Acacia_species149,397.074
Leucaena_species4,1418.43
Entada_species10,217.906
Pseudopiptadenia_species2,570
Abarema_species10,1251
Acacia_species415,520.936
Acacia_species283,283.504
Inga_species7,342.682
Acacia_species537,211.122
Mimosa_species170,444.402
Mimosa_species89,543.074
Zapoteca_species1,1421.19
Acacia_species331,121.896
Samanea_species1,412.36
Stryphnodendron_species6,590.044
Parkia_species8,58
Acacia_species607,250.391
Calliandra_species39,168.071
Zapoteca_caracasana,1178.27
Mimosa_species130,166.861
Acacia_species404,1755.2
Inga_species55,201.96
Acacia_species595,378.313
Acacia_species90,399.234
Albizia_species17,417.189
Acacia_species445,417.453
Calliandra_species25,887.867
Mimosa_species110,295.52
Acacia_species582,653.415
Acacia_species531,162.59
Acacia_species29,1196.68
Inga_species98,937.306
Acacia_species222,321.743
Parkia_species3,681.966
Pithecellobium_species9,572
Acacia_species126,260.816
Mimosa_species52,1435.32
Pithecellobium_species18,208
Albizia_species26,1112.33
Prosopis_species27,827.345
Enterolobium_species1,439.195
Inga_species143,1468.44
Mimosa_species56,376.444
Inga_species40,510.219
Albizia_species22,32.6667
Mimosa_species109,569.769
Acacia_species174,1226.88
Acacia_species41,282.402
Acacia_species237,230.955
Albizia_species36,458.242
Mimosa_species26,229.143
Abarema_species8,513.38
Acacia_species154,384.259
Archidendron_species13,542.375
Acacia_species332,441.015
Acacia_species243,282.955
Acacia_species122,608.156
Acacia_species99,421.911
Acacia_species193,569.167
Albizia_species14,256.84
Mimosa_species3,719.083
Acacia_species535,180.604
Acacia_species447,371.824
Leucaena_species2,1747.69
Parkia_species10,289.267
Cathormion_species1,324.855
Acacia_species148,324.284
Acacia_species80,235.8
Inga_species96,487.421
Inga_species50,798.312
Acacia_obliqua,0
Acacia_species364,233.261
Acacia_species300,667.8
Mimosa_species78,266.222
Abarema_species7,100.939
Mimosa_species134,593.319
Calliandra_species17,1058.3
Inga_species104,312.111
Mimosa_species6,708.694
Acacia_species134,276.629
Calliandra_species4,96.3023
Abarema_species21,1767
Acacia_species544,235.263
Acacia_species84,86.2051
Inga_species39,196.625
Acacia_species32,209.333
Prosopis_species15,1518.48
Desmanthus_species1,952.857
Acacia_species577,242.835
Acacia_species57,1048.97
Pentaclethra_species1,191.704
Acacia_species508,205.846
Mimosa_species35,871.949
Inga_species137,236.558
Acacia_species452,604.214
Acacia_species440,531.44
Acacia_species594,344.86
Calliandra_species24,1028.47
Stryphnodendron_species2,262.261
Acacia_species381,1242.31
Acacia_species221,219.1
Acacia_species347,430.962
Acacia_species407,381
Acacia_species334,146.112
Acacia_species349,385.75
Abarema_species33,27
Archidendron_species4,237.905
Macrosamanea_species4,132.83
Piptadeniastrum_species1,439.639
Balizia_species2,254.395
Acacia_species74,1160.73
Albizia_species15,500.25
Acacia_species421,320.1
Acacia_species56,95.52
Mimosa_species126,1392.8
Acacia_species198,85.4751
Inga_species49,721.143
Acacia_species419,197.082
Acacia_species527,106.622
Albizia_species53,250.521
Mimosa_species137,1001.55
Acacia_species437,24.3333
Mimosa_species179,837.25
Inga_species76,391.856
Acacia_species393,459.212
Acacia_species132,204
Abarema_species31,1116.77
Mimosa_species107,1114.22
Entada_species4,151.286
Calliandra_species47,884.5
Acacia_species255,363.053
Inga_species26,86
Acacia_species312,203.563
Archidendropsis_species3,307.84
Mimosa_species135,1021.76
Acacia_species79,193.659
Parkia_species5,189.991
Lysiloma_species3,721.611
Acacia_species567,200.923
Havardia_species1,53.0191
Acacia_species303,545.118
Alantsilodendron_species1,97.5714
Inga_species43,926.857
Acacia_species240,612.703
Acacia_species286,401.95
Acacia_species232,814.26
Inga_species25,169
Acacia_species100,154.718
Inga_species103,311.642
Acacia_species563,410.961
Albizia_species23,184
Desmanthus_species8,447.625
Neptunia_species5,202.103
Parkia_species7,434.366
Inga_species86,90.2083
Calliandra_species26,1575.25
Acacia_species350,244.01
Calpocalyx_species4,301.725
Acacia_species408,160.04
Acacia_species549,269.823
Parkia_species4,273.836
Acacia_species210,212.472
Inga_species48,405.071
Acacia_species365,163.354
Inga_species46,150.742
Acacia_species469,328.196
Acacia_species435,209.154
Viguieranthus_species5,560
Acacia_species77,253.271
Prosopis_species13,92.7619
Acacia_species51,263.812
Inga_species31,332.812
Acacia_species113,81.5977
Acacia_species105,452.425
Prosopis_species3,548.244
Albizia_species2,458.527
Vachellia_species3,202.166
Zygia_conzattii,149.773
Inga_species54,204.957
Abarema_species5,483.5
Acacia_species528,346.719
Acacia_species542,1626.97
Desmanthus_species9,1971.72
Acacia_species428,1589.62
Inga_species109,130
Acacia_species43,336.558
Acacia_species269,246.116
Acacia_species348,336.075
Adenanthera_species4,190.208
Prosopis_species19,625.881
Mimosa_species27,1745.47
Acacia_species24,42.1888
Piptadenia_species9,388.286
Acacia_species328,262.041
Acacia_species200,343.39
Acacia_species394,426.433
Desmanthus_species3,235.302
Calliandra_species55,748.5
Acacia_species37,1105.71
Inga_species17,393.969
Cojoba_species5,238.74
Acacia_species165,311.391
Inga_species16,290.536
Acacia_species561,100
Viguieranthus_species2,568.381
Acacia_species169,134.926
Acacia_species519,826.939
Mimosa_species173,540.46
Zapoteca_lambertiana,514.892
Acacia_species369,230.012
Zygia_juruana,144.824
Mimosa_species139,515
Acacia_species486,920.893
Archidendron_species10,238.64
Inga_species24,180.2
Calliandra_species62,434.938
Inga_species130,125.286
Desmanthus_species2,458.341
Acacia_species213,271.222
Inga_species126,393.245
Acacia_species93,195.852
Vachellia_species6,107.744
Acacia_species448,155.721
Mimosa_species47,94.5
Calpocalyx_species3,235.333
Mimosa_species83,986.571
Mimosa_species17,327.419
Mimosa_species142,938.627
Inga_species92,962.542
Acacia_species89,459.087
Vachellia_species4,201.5
Prosopis_species25,438.56
Zygia_latifolia,204.257
Blanchetiodendron_species1,609.12
Schleinitzia_species1,180.286
Newtonia_species2,295.63
Acacia_species420,225.177
Acacia_species294,340.157
Prosopidastrum_species2,131.788
Acacia_species341,256.412
Acacia_species12,352.871
Pityrocarpa_species1,430.87
Acacia_species522,125.85
Calpocalyx_species2,247.233
Mimosa_species41,464.729
Acacia_species209,635.441
Acacia_species109,240.149
Enterolobium_species5,765.274
Inga_species70,85.3333
Abarema_species35,1273.58
Acacia_species140,485.796
Acacia_species288,262.878
Inga_species88,161.333
Acacia_species521,336.068
Mimosa_species9,150.545
Mimosa_species16,1467.81
Pityrocarpa_species2,293.49
Mimosa_species30,252.021
Acacia_species580,519.686
Acacia_species529,378.059
Acacia_species308,229.612
Acacia_species97,363.574
Acacia_species499,165.844
Inga_species118,304.23
Inga_species35,391.144
Mimosa_species84,1757.12
Acacia_species360,259.171
Acacia_species583,352.447
Cojoba_species4,1005.86
Albizia_species46,355.701
Pithecellobium_species12,229.267
Gagnebina_species3,245.188
Archidendron_species14,325.65
Mimosa_species150,1030.57
Acacia_species604,427.625
Acacia_species177,322.181
Acacia_species137,164.32
Mimosa_species57,282.791
Acacia_species422,549.676
Prosopis_species5,232.5
Acacia_species254,159.382
Elephantorrhiza_species1,1201.35
Pithecellobium_species6,1745.71
Acacia_species276,79.557
Acacia_species182,102.132
Acacia_species483,429.555
Acacia_species362,120.029
Zygia_brenesii,924.061
Mimosa_species64,902.2
Inga_species90,1490.24
Acacia_species68,228.846
Havardia_species2,174.775
Acacia_species195,150.687
Acaciella_species3,462.368
Mimosa_species98,1352.31
Senegalia_species13,599.071
Adenopodia_species3,638.043
Abarema_species18,169.875
Archidendropsis_species1,343.577
Acacia_species215,67.3438
Acacia_species246,213.701
Acacia_species82,559.684
Acacia_species383,216.623
Acacia_species368,470.643
Mimosa_species112,531.759
Acacia_species83,188.953
Inga_species83,1307.81
Acacia_species8,308.822
Acacia_species507,245.433
Acacia_species418,192.465
Inga_species8,436.752
Calliandra_species20,335.973
Mimosa_species61,952.333
Inga_species65,1462.71
Inga_species18,219.978
Inga_species6,156.333
Mimosa_species151,875.1
Acacia_species205,281.81
Zygia_confusa,174.286
Mimosa_species92,1167.61
Acacia_species451,437.763
Mimosa_species12,411.432
Inga_species68,440.018
Inga_species29,338.385
Acacia_species268,220.071
Prosopis_species10,885.479
Acacia_species487,253.067
Mimosa_species118,620.529
Acacia_species536,301.884
Parkia_species9,112.988
Acacia_species438,197.627
Acacia_species431,229.5
Acacia_species2,243.724
Acacia_species552,319.225
Prosopis_species11,664.212
Acacia_species9,345.927
Inga_species28,281.181
Mimosa_species34,990.444
Inga_species87,113.4
Acacia_species314,282.364
Acacia_species225,102.458
